Workbook

Sheet Risposte del modulo 1
A1: Informazioni cronologiche | B1: Parli l'italiano? [ Do you speak Italian?] | C1: In quale classe di età rientri? [ Which age group do you belong to?] | D1: Sesso [Gender] | E1: Indica quale delle tre sillabe indicate, NELL'ESECUZIONE CANTATA QUI PROPOSTA, ti sembra accentata. (N.B.: indica l'ACCENTO PERCEPITO IN QUESTA PARTICOLARE ESECUZIONE CANTATA, non l'accento standard della parola). [Indicate which of the three given syllables IN THE SUNG PERFORMANCE PROVIDED HERE seems accented to you. (N.B.: indicate the ACCENT PERCEIVED IN THIS PARTICULAR SUNG PERFORMANCE, not the standard stress of the word)] | F1: Conosci la canzone dalla quale la parola cantata è stata estratta? [Do you know the song from which the sung word was taken?] | G1: Indica quale delle tre sillabe indicate, NELL'ESECUZIONE CANTATA QUI PROPOSTA, ti sembra accentata. _x000a_(N.B.: indica l'ACCENTO PERCEPITO IN QUESTA PARTICOLARE ESECUZIONE CANTATA, non l'accento standard della parola)._x000a__x000a_[Indicate which of the three given syllables IN THE SUNG PERFORMANCE PROVIDED HERE seems accented to you. _x000a_(N.B.: indicate the ACCENT PERCEIVED IN THIS PARTICULAR SUNG PERFORMANCE, not the standard stress of the word)] 2 | H1: Conosci la canzone dalla quale la parola cantata è stata estratta?_x000a__x000a_[Do you know the song from which the sung word was taken?] 2 | I1: Indica quale delle tre sillabe indicate, NELL'ESECUZIONE CANTATA QUI PROPOSTA, ti sembra accentata. _x000a_(N.B.: indica l'ACCENTO PERCEPITO IN QUESTA PARTICOLARE ESECUZIONE CANTATA, non l'accento standard della parola)._x000a__x000a_[Indicate which of the three given syllables IN THE SUNG PERFORMANCE PROVIDED HERE seems accented to you. _x000a_(N.B.: indicate the ACCENT PERCEIVED IN THIS PARTICULAR SUNG PERFORMANCE, not the standard stress of the word)] 3 | J1: Conosci la canzone dalla quale la parola cantata è stata estratta?_x000a__x000a_[Do you know the song from which the sung word was taken?] 3 | K1: Indica quale delle tre sillabe indicate, NELL'ESECUZIONE CANTATA QUI PROPOSTA, ti sembra accentata. _x000a_(N.B.: indica l'ACCENTO PERCEPITO IN QUESTA PARTICOLARE ESECUZIONE CANTATA, non l'accento standard della parola)._x000a__x000a_[Indicate which of the three given syllables IN THE SUNG PERFORMANCE PROVIDED HERE seems accented to you. _x000a_(N.B.: indicate the ACCENT PERCEIVED IN THIS PARTICULAR SUNG PERFORMANCE, not the standard stress of the word)] 4 | L1: Conosci la canzone dalla quale la parola cantata è stata estratta?_x000a__x000a_[Do you know the song from which the sung word was taken?] 4 | M1: Indica quale delle tre sillabe indicate, NELL'ESECUZIONE CANTATA QUI PROPOSTA, ti sembra accentata. _x000a_(N.B.: indica l'ACCENTO PERCEPITO IN QUESTA PARTICOLARE ESECUZIONE CANTATA, non l'accento standard della parola)._x000a__x000a_[Indicate which of the three given syllables IN THE SUNG PERFORMANCE PROVIDED HERE seems accented to you. _x000a_(N.B.: indicate the ACCENT PERCEIVED IN THIS PARTICULAR SUNG PERFORMANCE, not the standard stress of the word)] 5 | N1: Conosci la canzone dalla quale la parola cantata è stata estratta?_x000a__x000a_[Do you know the song from which the sung word was taken?] 5 | O1: Indica quale delle tre sillabe indicate, NELL'ESECUZIONE CANTATA QUI PROPOSTA, ti sembra accentata. _x000a_(N.B.: indica l'ACCENTO PERCEPITO IN QUESTA PARTICOLARE ESECUZIONE CANTATA, non l'accento standard della parola)._x000a__x000a_[Indicate which of the three given syllables IN THE SUNG PERFORMANCE PROVIDED HERE seems accented to you. _x000a_(N.B.: indicate the ACCENT PERCEIVED IN THIS PARTICULAR SUNG PERFORMANCE, not the standard stress of the word)] 6 | P1: Conosci la canzone dalla quale la parola cantata è stata estratta?_x000a__x000a_[Do you know the song from which the sung word was taken?] 6 | Q1: Indica quale delle tre sillabe indicate, NELL'ESECUZIONE CANTATA QUI PROPOSTA, ti sembra accentata. _x000a_(N.B.: indica l'ACCENTO PERCEPITO IN QUESTA PARTICOLARE ESECUZIONE CANTATA, non l'accento standard della parola)._x000a__x000a_[Indicate which of the three given syllables IN THE SUNG PERFORMANCE PROVIDED HERE seems accented to you. _x000a_(N.B.: indicate the ACCENT PERCEIVED IN THIS PARTICULAR SUNG PERFORMANCE, not the standard stress of the word)] 7 | R1: Conosci la canzone dalla quale la parola cantata è stata estratta?_x000a__x000a_[Do you know the song from which the sung word was taken?] 7 | S1: Indica quale delle tre sillabe indicate, NELL'ESECUZIONE CANTATA QUI PROPOSTA, ti sembra accentata. _x000a_(N.B.: indica l'ACCENTO PERCEPITO IN QUESTA PARTICOLARE ESECUZIONE CANTATA, non l'accento standard della parola)._x000a__x000a_[Indicate which of the three given syllables IN THE SUNG PERFORMANCE PROVIDED HERE seems accented to you. _x000a_(N.B.: indicate the ACCENT PERCEIVED IN THIS PARTICULAR SUNG PERFORMANCE, not the standard stress of the word)] 8 | T1: Conosci la canzone dalla quale la parola cantata è stata estratta?_x000a__x000a_[Do you know the song from which the sung word was taken?] 8 | U1: Indica quale delle tre sillabe indicate, NELL'ESECUZIONE CANTATA QUI PROPOSTA, ti sembra accentata. _x000a_(N.B.: indica l'ACCENTO PERCEPITO IN QUESTA PARTICOLARE ESECUZIONE CANTATA, non l'accento standard della parola)._x000a__x000a_[Indicate which of the three given syllables IN THE SUNG PERFORMANCE PROVIDED HERE seems accented to you. _x000a_(N.B.: indicate the ACCENT PERCEIVED IN THIS PARTICULAR SUNG PERFORMANCE, not the standard stress of the word)] 9 | V1: Conosci la canzone dalla quale la parola cantata è stata estratta?_x000a__x000a_[Do you know the song from which the sung word was taken?] 9 | W1: Indica quale delle tre sillabe indicate, NELL'ESECUZIONE CANTATA QUI PROPOSTA, ti sembra accentata. _x000a_(N.B.: indica l'ACCENTO PERCEPITO IN QUESTA PARTICOLARE ESECUZIONE CANTATA, non l'accento standard della parola)._x000a__x000a_[Indicate which of the three given syllables IN THE SUNG PERFORMANCE PROVIDED HERE seems accented to you. _x000a_(N.B.: indicate the ACCENT PERCEIVED IN THIS PARTICULAR SUNG PERFORMANCE, not the standard stress of the word)] 10 | X1: Conosci la canzone dalla quale la parola cantata è stata estratta?_x000a__x000a_[Do you know the song from which the sung word was taken?] 10 | Y1: Indica quale delle tre sillabe indicate, NELL'ESECUZIONE CANTATA QUI PROPOSTA, ti sembra accentata. _x000a_(N.B.: indica l'ACCENTO PERCEPITO IN QUESTA PARTICOLARE ESECUZIONE CANTATA, non l'accento standard della parola)._x000a__x000a_[Indicate which of the three given syllables IN THE SUNG PERFORMANCE PROVIDED HERE seems accented to you. _x000a_(N.B.: indicate the ACCENT PERCEIVED IN THIS PARTICULAR SUNG PERFORMANCE, not the standard stress of the word)] 11 | Z1: Conosci la canzone dalla quale la parola cantata è stata estratta?_x000a__x000a_[Do you know the song from which the sung word was taken?] 11 | AA1: Indica quale delle tre sillabe indicate, NELL'ESECUZIONE CANTATA QUI PROPOSTA, ti sembra accentata. _x000a_(N.B.: indica l'ACCENTO PERCEPITO IN QUESTA PARTICOLARE ESECUZIONE CANTATA, non l'accento standard della parola)._x000a__x000a_[Indicate which of the three given syllables IN THE SUNG PERFORMANCE PROVIDED HERE seems accented to you. _x000a_(N.B.: indicate the ACCENT PERCEIVED IN THIS PARTICULAR SUNG PERFORMANCE, not the standard stress of the word)] 12 | AB1: Conosci la canzone dalla quale la parola cantata è stata estratta?_x000a__x000a_[Do you know the song from which the sung word was taken?] 12 | AC1: Indica quale delle tre sillabe indicate, NELL'ESECUZIONE CANTATA QUI PROPOSTA, ti sembra accentata. _x000a_(N.B.: indica l'ACCENTO PERCEPITO IN QUESTA PARTICOLARE ESECUZIONE CANTATA, non l'accento standard della parola)._x000a__x000a_[Indicate which of the three given syllables IN THE SUNG PERFORMANCE PROVIDED HERE seems accented to you. _x000a_(N.B.: indicate the ACCENT PERCEIVED IN THIS PARTICULAR SUNG PERFORMANCE, not the standard stress of the word)] 13 | AD1: Conosci la canzone dalla quale la parola cantata è stata estratta?_x000a__x000a_[Do you know the song from which the sung word was taken?] 13
A2: 45883.503 | B2: sì | C2: < 25 | D2: F | E2: re | F2: no | G2: si | H2: no | I2: ca | J2: sì | K2: ca | L2: forse / un po' [maybe / a bit] | M2: ca | N2: sì | O2: ca | P2: sì | Q2: de | R2: forse / un po' [maybe / a bit] | S2: le | T2: sì | U2: ca | V2: forse / un po' [maybe / a bit] | W2: ca | X2: sì | Y2: ca | Z2: sì | AA2: le | AB2: forse / un po' [maybe / a bit] | AC2: fri | AD2: forse / un po' [maybe / a bit]
A3: 45884.421 | B3: sì | C3: < 25 | D3: F | E3: de | F3: no | G3: bi | H3: no | I3: ca | J3: no | K3: ca | L3: no | M3: ca | N3: sì | O3: ca | P3: no | Q3: cre | R3: no | S3: le | T3: no | U3: ca | V3: no | W3: ca | X3: sì | Y3: ca | Z3: sì | AA3: si | AB3: no | AC3: A | AD3: no
A4: 45884.469 | B4: sì | C4: 25 - 50 | D4: F | E4: de | F4: sì | G4: si | H4: sì | I4: ca | J4: no | K4: ca | L4: no | M4: e | N4: sì | O4: gi | P4: sì | Q4: re | R4: no | S4: le | T4: no | U4: ca | V4: no | W4: ca | X4: sì | Y4: ca | Z4: sì | AA4: si | AB4: sì | AC4: A | AD4: no
A5: 45884.554 | B5: sì | C5: 25 - 50 | D5: F | E5: cre | F5: no | G5: si | H5: no | I5: ma | J5: no | K5: ca | L5: no | M5: e | N5: sì | O5: ma | P5: sì | Q5: de | R5: forse / un po' [maybe / a bit] | S5: si | T5: no | U5: A | V5: no | W5: e | X5: sì | Y5: ma | Z5: sì | AA5: si | AB5: no | AC5: A | AD5: sì
A6: 45884.558 | B6: sì | C6: < 25 | D6: M | E6: cre | F6: forse / un po' [maybe / a bit] | G6: si | H6: no | I6: ma | J6: no | K6: a | L6: no | M6: ti | N6: no | O6: gi | P6: forse / un po' [maybe / a bit] | Q6: cre | R6: forse / un po' [maybe / a bit] | S6: si | T6: forse / un po' [maybe / a bit] | U6: A | V6: no | W6: ti | X6: no | Y6: gi | Z6: no | AA6: si | AB6: no | AC6: A | AD6: no
A7: 45884.558 | B7: sì | C7: < 25 | D7: F | E7: cre | F7: NON SO / NESSUNA RISPOSTA [I DO NOT KNOW / NO ANSWER] | G7: si | H7: forse / un po' [maybe / a bit] | I7: ma | J7: NON SO / NESSUNA RISPOSTA [I DO NOT KNOW / NO ANSWER] | K7: NON SO / NESSUNA RISPOSTA [I DO NOT KNOW / NO ANSWER] | L7: no | M7: e | N7: NON SO / NESSUNA RISPOSTA [I DO NOT KNOW / NO ANSWER] | O7: ca | P7: NON SO / NESSUNA RISPOSTA [I DO NOT KNOW / NO ANSWER] | Q7: de | R7: no | S7: NON SO / NESSUNA RISPOSTA [I DO NOT KNOW / NO ANSWER] | T7: no | U7: A | V7: no | W7: ca | X7: no | Y7: NON SO / NESSUNA RISPOSTA [I DO NOT KNOW / NO ANSWER] | Z7: no | AA7: le | AB7: forse / un po' [maybe / a bit] | AC7: ca | AD7: no
A8: 45884.566 | B8: sì | C8: < 25 | D8: M | E8: de | F8: no | G8: si | H8: no | I8: ma | J8: no | K8: ca | L8: no | M8: e | N8: sì | O8: gi | P8: no | Q8: cre | R8: no | S8: NON SO / NESSUNA RISPOSTA [I DO NOT KNOW / NO ANSWER] | T8: no | U8: fri | V8: no | W8: ca | X8: sì | Y8: ca | Z8: no | AA8: le | AB8: forse / un po' [maybe / a bit] | AC8: ca | AD8: no
A9: 45884.599 | B9: sì | C9: 25 - 50 | D9: M | E9: de | F9: no | G9: si | H9: no | I9: ma | J9: no | K9: fri | L9: no | M9: ti | N9: no | O9: gi | P9: no | Q9: de | R9: no | S9: bi | T9: no | U9: A | V9: no | W9: e | X9: no | Y9: ma | Z9: no | AA9: si | AB9: no | AC9: fri | AD9: no
A10: 45884.601 | B10: sì | C10: > 50 | D10: F | E10: re | F10: forse / un po' [maybe / a bit] | G10: si | H10: no | I10: ma | J10: no | K10: ca | L10: no | M10: ca | N10: sì | O10: gi | P10: sì | Q10: cre | R10: no | S10: bi | T10: no | U10: A | V10: forse / un po' [maybe / a bit] | W10: e | X10: sì | Y10: ca | Z10: forse / un po' [maybe / a bit] | AA10: bi | AB10: forse / un po' [maybe / a bit] | AC10: fri | AD10: no
A11: 45884.611 | B11: sì | C11: < 25 | D11: F | E11: re | F11: no | G11: si | H11: no | I11: ma | J11: no | K11: ca | L11: no | M11: e | N11: sì | O11: gi | P11: no | Q11: cre | R11: sì | S11: si | T11: no | U11: A | V11: no | W11: e | X11: no | Y11: ma | Z11: sì | AA11: si | AB11: sì | AC11: A | AD11: no
A12: 45884.665 | B12: sì | C12: > 50 | D12: F | E12: de | F12: no | G12: NON SO / NESSUNA RISPOSTA [I DO NOT KNOW / NO ANSWER] | H12: no | I12: NON SO / NESSUNA RISPOSTA [I DO NOT KNOW / NO ANSWER] | J12: no | K12: fri | L12: no | M12: e | N12: no | O12: ma | P12: no | Q12: cre | R12: no | S12: NON SO / NESSUNA RISPOSTA [I DO NOT KNOW / NO ANSWER] | T12: no | U12: ca | V12: no | W12: e | X12: no | Y12: gi | Z12: no | AA12: si | AB12: no | AC12: A | AD12: no
A13: 45884.804 | B13: sì | C13: > 50 | D13: M | E13: de | F13: sì | G13: si | H13: no | I13: ma | J13: no | K13: a | L13: no | M13: e | N13: no | O13: gi | P13: no | Q13: de | R13: no | S13: bi | T13: no | U13: fri | V13: no | W13: ti | X13: no | Y13: ca | Z13: no | AA13: bi | AB13: forse / un po' [maybe / a bit] | AC13: ca | AD13: no
... A74: 45901.376 | B74: un po' [a little] | C74: 25 - 50 | D74: F | E74: de | F74: no | G74: bi | H74: no | I74: ma | J74: no | K74: ca | L74: no | M74: e | N74: no | O74: gi | P74: no | Q74: cre | R74: no | S74: bi | T74: no | U74: ca | V74: no | W74: ca | X74: no | Y74: ca | Z74: no | AA74: bi | AB74: no | AC74: A | AD74: no

Sheet Categorie
A1: Time | B1: Dati personali_1 | C1: Dati personali_2 | D1: Dati personali_3 | E1: 01-13R_LBLcredere_PERFconsoli_CATcd | F1: 01-13C_LBLcredere_PERFconsoli_CATcd | G1: 02-13R_LBLimpossibile_PERFtatangelo_CATcs | H1: 02-13C_LBLimpossibile_PERFtatangelo_CATcs | I1: 03-13R_LBLmagica_PERFgrignani_CATcs | J1: 03-13C_LBLmagica_PERFgrignani_CATcs | K1: 04-13R_LBLafrica_PERFdegregori_CATcd | L1: 04-13C_LBLafrica_PERFdegregori_CATcd | M1: 05-13R_LBLpoetica_PERFannalisa_CATcd | N1: 05-13C_LBLpoetica_PERFannalisa_CATcd | O1: 06-13R_LBLmagica_PERFbennato_CATcd | P1: 06-13C_LBLmagica_PERFbennato_CATcd | Q1: 07-13R_LBLcredere_PERFmina_CATcs | R1: 07-13C_LBLcredere_PERFmina_CATcs | S1: 08-13R_LBLimpossibile_PERFghemon_CATcd | T1: 08-13C_LBLimpossibile_PERFghemon_CATcd | U1: 09-13R_LBLafrica_PERFbattiato_CATcd | V1: 09-13C_LBLafrica_PERFbattiato_CATcd | W1: 10-13R_LBLpoetica_PERFcremonini_CATcs | X1: 10-13C_LBLpoetica_PERFcremonini_CATcs | Y1: 11-13R_LBLmagica_PERFarisa_CATcd | Z1: 11-13C_LBLmagica_PERFarisa_CATcd | AA1: 12-13R_LBLimpossibile_PERFconsoli_CATcd | AB1: 12-13C_LBLimpossibile_PERFconsoli_CATcd | AC1: 13-13R_LBLafrica_PERFdalessio_CATcs | AD1: 13-13C_LBLafrica_PERFdalessio_CATcs
A2: Informazioni cronologiche | B2: Parli l'italiano? [ Do you speak Italian?] | C2: In quale classe di età rientri? [ Which age group do you belong to?] | D2: Sesso [Gender] | E2: Indica quale delle tre sillabe indicate, NELL'ESECUZIONE CANTATA QUI PROPOSTA, ti sembra accentata. (N.B.: indica l'ACCENTO PERCEPITO IN QUESTA PARTICOLARE ESECUZIONE CANTATA, non l'accento standard della parola). [Indicate which of the three given syllables IN THE SUNG PERFORMANCE PROVIDED HERE seems accented to you. (N.B.: indicate the ACCENT PERCEIVED IN THIS PARTICULAR SUNG PERFORMANCE, not the standard stress of the word)] | F2: Conosci la canzone dalla quale la parola cantata è stata estratta? [Do you know the song from which the sung word was taken?] | G2: Indica quale delle tre sillabe indicate, NELL'ESECUZIONE CANTATA QUI PROPOSTA, ti sembra accentata. _x000a_(N.B.: indica l'ACCENTO PERCEPITO IN QUESTA PARTICOLARE ESECUZIONE CANTATA, non l'accento standard della parola)._x000a__x000a_[Indicate which of the three given syllables IN THE SUNG PERFORMANCE PROVIDED HERE seems accented to you. _x000a_(N.B.: indicate the ACCENT PERCEIVED IN THIS PARTICULAR SUNG PERFORMANCE, not the standard stress of the word)] 2 | H2: Conosci la canzone dalla quale la parola cantata è stata estratta?_x000a__x000a_[Do you know the song from which the sung word was taken?] 2 | I2: Indica quale delle tre sillabe indicate, NELL'ESECUZIONE CANTATA QUI PROPOSTA, ti sembra accentata. _x000a_(N.B.: indica l'ACCENTO PERCEPITO IN QUESTA PARTICOLARE ESECUZIONE CANTATA, non l'accento standard della parola)._x000a__x000a_[Indicate which of the three given syllables IN THE SUNG PERFORMANCE PROVIDED HERE seems accented to you. _x000a_(N.B.: indicate the ACCENT PERCEIVED IN THIS PARTICULAR SUNG PERFORMANCE, not the standard stress of the word)] 3 | J2: Conosci la canzone dalla quale la parola cantata è stata estratta?_x000a__x000a_[Do you know the song from which the sung word was taken?] 3 | K2: Indica quale delle tre sillabe indicate, NELL'ESECUZIONE CANTATA QUI PROPOSTA, ti sembra accentata. _x000a_(N.B.: indica l'ACCENTO PERCEPITO IN QUESTA PARTICOLARE ESECUZIONE CANTATA, non l'accento standard della parola)._x000a__x000a_[Indicate which of the three given syllables IN THE SUNG PERFORMANCE PROVIDED HERE seems accented to you. _x000a_(N.B.: indicate the ACCENT PERCEIVED IN THIS PARTICULAR SUNG PERFORMANCE, not the standard stress of the word)] 4 | L2: Conosci la canzone dalla quale la parola cantata è stata estratta?_x000a__x000a_[Do you know the song from which the sung word was taken?] 4 | M2: Indica quale delle tre sillabe indicate, NELL'ESECUZIONE CANTATA QUI PROPOSTA, ti sembra accentata. _x000a_(N.B.: indica l'ACCENTO PERCEPITO IN QUESTA PARTICOLARE ESECUZIONE CANTATA, non l'accento standard della parola)._x000a__x000a_[Indicate which of the three given syllables IN THE SUNG PERFORMANCE PROVIDED HERE seems accented to you. _x000a_(N.B.: indicate the ACCENT PERCEIVED IN THIS PARTICULAR SUNG PERFORMANCE, not the standard stress of the word)] 5 | N2: Conosci la canzone dalla quale la parola cantata è stata estratta?_x000a__x000a_[Do you know the song from which the sung word was taken?] 5 | O2: Indica quale delle tre sillabe indicate, NELL'ESECUZIONE CANTATA QUI PROPOSTA, ti sembra accentata. _x000a_(N.B.: indica l'ACCENTO PERCEPITO IN QUESTA PARTICOLARE ESECUZIONE CANTATA, non l'accento standard della parola)._x000a__x000a_[Indicate which of the three given syllables IN THE SUNG PERFORMANCE PROVIDED HERE seems accented to you. _x000a_(N.B.: indicate the ACCENT PERCEIVED IN THIS PARTICULAR SUNG PERFORMANCE, not the standard stress of the word)] 6 | P2: Conosci la canzone dalla quale la parola cantata è stata estratta?_x000a__x000a_[Do you know the song from which the sung word was taken?] 6 | Q2: Indica quale delle tre sillabe indicate, NELL'ESECUZIONE CANTATA QUI PROPOSTA, ti sembra accentata. _x000a_(N.B.: indica l'ACCENTO PERCEPITO IN QUESTA PARTICOLARE ESECUZIONE CANTATA, non l'accento standard della parola)._x000a__x000a_[Indicate which of the three given syllables IN THE SUNG PERFORMANCE PROVIDED HERE seems accented to you. _x000a_(N.B.: indicate the ACCENT PERCEIVED IN THIS PARTICULAR SUNG PERFORMANCE, not the standard stress of the word)] 7 | R2: Conosci la canzone dalla quale la parola cantata è stata estratta?_x000a__x000a_[Do you know the song from which the sung word was taken?] 7 | S2: Indica quale delle tre sillabe indicate, NELL'ESECUZIONE CANTATA QUI PROPOSTA, ti sembra accentata. _x000a_(N.B.: indica l'ACCENTO PERCEPITO IN QUESTA PARTICOLARE ESECUZIONE CANTATA, non l'accento standard della parola)._x000a__x000a_[Indicate which of the three given syllables IN THE SUNG PERFORMANCE PROVIDED HERE seems accented to you. _x000a_(N.B.: indicate the ACCENT PERCEIVED IN THIS PARTICULAR SUNG PERFORMANCE, not the standard stress of the word)] 8 | T2: Conosci la canzone dalla quale la parola cantata è stata estratta?_x000a__x000a_[Do you know the song from which the sung word was taken?] 8 | U2: Indica quale delle tre sillabe indicate, NELL'ESECUZIONE CANTATA QUI PROPOSTA, ti sembra accentata. _x000a_(N.B.: indica l'ACCENTO PERCEPITO IN QUESTA PARTICOLARE ESECUZIONE CANTATA, non l'accento standard della parola)._x000a__x000a_[Indicate which of the three given syllables IN THE SUNG PERFORMANCE PROVIDED HERE seems accented to you. _x000a_(N.B.: indicate the ACCENT PERCEIVED IN THIS PARTICULAR SUNG PERFORMANCE, not the standard stress of the word)] 9 | V2: Conosci la canzone dalla quale la parola cantata è stata estratta?_x000a__x000a_[Do you know the song from which the sung word was taken?] 9 | W2: Indica quale delle tre sillabe indicate, NELL'ESECUZIONE CANTATA QUI PROPOSTA, ti sembra accentata. _x000a_(N.B.: indica l'ACCENTO PERCEPITO IN QUESTA PARTICOLARE ESECUZIONE CANTATA, non l'accento standard della parola)._x000a__x000a_[Indicate which of the three given syllables IN THE SUNG PERFORMANCE PROVIDED HERE seems accented to you. _x000a_(N.B.: indicate the ACCENT PERCEIVED IN THIS PARTICULAR SUNG PERFORMANCE, not the standard stress of the word)] 10 | X2: Conosci la canzone dalla quale la parola cantata è stata estratta?_x000a__x000a_[Do you know the song from which the sung word was taken?] 10 | Y2: Indica quale delle tre sillabe indicate, NELL'ESECUZIONE CANTATA QUI PROPOSTA, ti sembra accentata. _x000a_(N.B.: indica l'ACCENTO PERCEPITO IN QUESTA PARTICOLARE ESECUZIONE CANTATA, non l'accento standard della parola)._x000a__x000a_[Indicate which of the three given syllables IN THE SUNG PERFORMANCE PROVIDED HERE seems accented to you. _x000a_(N.B.: indicate the ACCENT PERCEIVED IN THIS PARTICULAR SUNG PERFORMANCE, not the standard stress of the word)] 11 | Z2: Conosci la canzone dalla quale la parola cantata è stata estratta?_x000a__x000a_[Do you know the song from which the sung word was taken?] 11 | AA2: Indica quale delle tre sillabe indicate, NELL'ESECUZIONE CANTATA QUI PROPOSTA, ti sembra accentata. _x000a_(N.B.: indica l'ACCENTO PERCEPITO IN QUESTA PARTICOLARE ESECUZIONE CANTATA, non l'accento standard della parola)._x000a__x000a_[Indicate which of the three given syllables IN THE SUNG PERFORMANCE PROVIDED HERE seems accented to you. _x000a_(N.B.: indicate the ACCENT PERCEIVED IN THIS PARTICULAR SUNG PERFORMANCE, not the standard stress of the word)] 12 | AB2: Conosci la canzone dalla quale la parola cantata è stata estratta?_x000a__x000a_[Do you know the song from which the sung word was taken?] 12 | AC2: Indica quale delle tre sillabe indicate, NELL'ESECUZIONE CANTATA QUI PROPOSTA, ti sembra accentata. _x000a_(N.B.: indica l'ACCENTO PERCEPITO IN QUESTA PARTICOLARE ESECUZIONE CANTATA, non l'accento standard della parola)._x000a__x000a_[Indicate which of the three given syllables IN THE SUNG PERFORMANCE PROVIDED HERE seems accented to you. _x000a_(N.B.: indicate the ACCENT PERCEIVED IN THIS PARTICULAR SUNG PERFORMANCE, not the standard stress of the word)] 13 | AD2: Conosci la canzone dalla quale la parola cantata è stata estratta?_x000a__x000a_[Do you know the song from which the sung word was taken?] 13
A3: ='Risposte del modulo 1'!A2 -> 45883.503 | B3: ='Risposte del modulo 1'!B2 -> sì | C3: ='Risposte del modulo 1'!C2 -> < 25 | D3: ='Risposte del modulo 1'!D2 -> F | E3: ='Risposte del modulo 1'!E2 -> re | F3: ='Risposte del modulo 1'!F2 -> no | G3: ='Risposte del modulo 1'!G2 -> si | H3: ='Risposte del modulo 1'!H2 -> no | ... AD3: ='Risposte del modulo 1'!AD2 -> forse / un po' [maybe / a bit]
A4: ='Risposte del modulo 1'!A3 -> 45884.421 | B4: ='Risposte del modulo 1'!B3 -> sì | C4: ='Risposte del modulo 1'!C3 -> < 25 | D4: ='Risposte del modulo 1'!D3 -> F | E4: ='Risposte del modulo 1'!E3 -> de | F4: ='Risposte del modulo 1'!F3 -> no | G4: ='Risposte del modulo 1'!G3 -> bi | H4: ='Risposte del modulo 1'!H3 -> no | ... AD4: ='Risposte del modulo 1'!AD3 -> no
A5: ='Risposte del modulo 1'!A4 -> 45884.469 | B5: ='Risposte del modulo 1'!B4 -> sì | C5: ='Risposte del modulo 1'!C4 -> 25 - 50 | D5: ='Risposte del modulo 1'!D4 -> F | E5: ='Risposte del modulo 1'!E4 -> de | F5: ='Risposte del modulo 1'!F4 -> sì | G5: ='Risposte del modulo 1'!G4 -> si | H5: ='Risposte del modulo 1'!H4 -> sì | ... AD5: ='Risposte del modulo 1'!AD4 -> no
A6: ='Risposte del modulo 1'!A5 -> 45884.554 | B6: ='Risposte del modulo 1'!B5 -> sì | C6: ='Risposte del modulo 1'!C5 -> 25 - 50 | D6: ='Risposte del modulo 1'!D5 -> F | E6: ='Risposte del modulo 1'!E5 -> cre | F6: ='Risposte del modulo 1'!F5 -> no | G6: ='Risposte del modulo 1'!G5 -> si | H6: ='Risposte del modulo 1'!H5 -> no | ... AD6: ='Risposte del modulo 1'!AD5 -> sì
A7: ='Risposte del modulo 1'!A6 -> 45884.558 | B7: ='Risposte del modulo 1'!B6 -> sì | C7: ='Risposte del modulo 1'!C6 -> < 25 | D7: ='Risposte del modulo 1'!D6 -> M | E7: ='Risposte del modulo 1'!E6 -> cre | F7: ='Risposte del modulo 1'!F6 -> forse / un po' [maybe / a bit] | G7: ='Risposte del modulo 1'!G6 -> si | H7: ='Risposte del modulo 1'!H6 -> no | ... AD7: ='Risposte del modulo 1'!AD6 -> no
A8: ='Risposte del modulo 1'!A7 -> 45884.558 | B8: ='Risposte del modulo 1'!B7 -> sì | C8: ='Risposte del modulo 1'!C7 -> < 25 | D8: ='Risposte del modulo 1'!D7 -> F | E8: ='Risposte del modulo 1'!E7 -> cre | F8: ='Risposte del modulo 1'!F7 -> NON SO / NESSUNA RISPOSTA [I DO NOT KNOW / NO ANSWER] | G8: ='Risposte del modulo 1'!G7 -> si | H8: ='Risposte del modulo 1'!H7 -> forse / un po' [maybe / a bit] | ... AD8: ='Risposte del modulo 1'!AD7 -> no
A9: ='Risposte del modulo 1'!A8 -> 45884.566 | B9: ='Risposte del modulo 1'!B8 -> sì | C9: ='Risposte del modulo 1'!C8 -> < 25 | D9: ='Risposte del modulo 1'!D8 -> M | E9: ='Risposte del modulo 1'!E8 -> de | F9: ='Risposte del modulo 1'!F8 -> no | G9: ='Risposte del modulo 1'!G8 -> si | H9: ='Risposte del modulo 1'!H8 -> no | ... AD9: ='Risposte del modulo 1'!AD8 -> no
A10: ='Risposte del modulo 1'!A9 -> 45884.599 | B10: ='Risposte del modulo 1'!B9 -> sì | C10: ='Risposte del modulo 1'!C9 -> 25 - 50 | D10: ='Risposte del modulo 1'!D9 -> M | E10: ='Risposte del modulo 1'!E9 -> de | F10: ='Risposte del modulo 1'!F9 -> no | G10: ='Risposte del modulo 1'!G9 -> si | H10: ='Risposte del modulo 1'!H9 -> no | ... AD10: ='Risposte del modulo 1'!AD9 -> no
A11: ='Risposte del modulo 1'!A10 -> 45884.601 | B11: ='Risposte del modulo 1'!B10 -> sì | C11: ='Risposte del modulo 1'!C10 -> > 50 | D11: ='Risposte del modulo 1'!D10 -> F | E11: ='Risposte del modulo 1'!E10 -> re | F11: ='Risposte del modulo 1'!F10 -> forse / un po' [maybe / a bit] | G11: ='Risposte del modulo 1'!G10 -> si | H11: ='Risposte del modulo 1'!H10 -> no | ... AD11: ='Risposte del modulo 1'!AD10 -> no
A12: ='Risposte del modulo 1'!A11 -> 45884.611 | B12: ='Risposte del modulo 1'!B11 -> sì | C12: ='Risposte del modulo 1'!C11 -> < 25 | D12: ='Risposte del modulo 1'!D11 -> F | E12: ='Risposte del modulo 1'!E11 -> re | F12: ='Risposte del modulo 1'!F11 -> no | G12: ='Risposte del modulo 1'!G11 -> si | H12: ='Risposte del modulo 1'!H11 -> no | ... AD12: ='Risposte del modulo 1'!AD11 -> no
A13: ='Risposte del modulo 1'!A12 -> 45884.665 | B13: ='Risposte del modulo 1'!B12 -> sì | C13: ='Risposte del modulo 1'!C12 -> > 50 | D13: ='Risposte del modulo 1'!D12 -> F | E13: ='Risposte del modulo 1'!E12 -> de | F13: ='Risposte del modulo 1'!F12 -> no | G13: ='Risposte del modulo 1'!G12 -> NON SO / NESSUNA RISPOSTA [I DO NOT KNOW / NO ANSWER] | H13: ='Risposte del modulo 1'!H12 -> no | ... AD13: ='Risposte del modulo 1'!AD12 -> no
A14: ='Risposte del modulo 1'!A13 -> 45884.804 | B14: ='Risposte del modulo 1'!B13 -> sì | C14: ='Risposte del modulo 1'!C13 -> > 50 | D14: ='Risposte del modulo 1'!D13 -> M | E14: ='Risposte del modulo 1'!E13 -> de | F14: ='Risposte del modulo 1'!F13 -> sì | G14: ='Risposte del modulo 1'!G13 -> si | H14: ='Risposte del modulo 1'!H13 -> no | ... AD14: ='Risposte del modulo 1'!AD13 -> no
... A72: ='Risposte del modulo 1'!A71 -> 45895.987 | B72: ='Risposte del modulo 1'!B71 -> un po' [a little] | C72: ='Risposte del modulo 1'!C71 -> < 25 | D72: ='Risposte del modulo 1'!D71 -> F | E72: ='Risposte del modulo 1'!E71 -> de | F72: ='Risposte del modulo 1'!F71 -> no | G72: ='Risposte del modulo 1'!G71 -> si | H72: ='Risposte del modulo 1'!H71 -> no | ... AD72: ='Risposte del modulo 1'!AD71 -> no
A73: ='Risposte del modulo 1'!A75 | B73: ='Risposte del modulo 1'!B75 | C73: ='Risposte del modulo 1'!C75 | D73: ='Risposte del modulo 1'!D75 | E73: ='Risposte del modulo 1'!E75 | F73: ='Risposte del modulo 1'!F75 | G73: ='Risposte del modulo 1'!G75 | H73: ='Risposte del modulo 1'!H75 | ... AD73: ='Risposte del modulo 1'!AD75
A74: ='Risposte del modulo 1'!A76 | B74: ='Risposte del modulo 1'!B76 | C74: ='Risposte del modulo 1'!C76 | D74: ='Risposte del modulo 1'!D76 | E74: ='Risposte del modulo 1'!E76 | F74: ='Risposte del modulo 1'!F76 | G74: ='Risposte del modulo 1'!G76 | H74: ='Risposte del modulo 1'!H76 | ... AD74: ='Risposte del modulo 1'!AD76
A75: ='Risposte del modulo 1'!A77 | B75: ='Risposte del modulo 1'!B77 | C75: ='Risposte del modulo 1'!C77 | D75: ='Risposte del modulo 1'!D77 | E75: ='Risposte del modulo 1'!E77 | F75: ='Risposte del modulo 1'!F77 | G75: ='Risposte del modulo 1'!G77 | H75: ='Risposte del modulo 1'!H77 | ... AD75: ='Risposte del modulo 1'!AD77
A76: ='Risposte del modulo 1'!A78 | B76: ='Risposte del modulo 1'!B78 | C76: ='Risposte del modulo 1'!C78 | D76: ='Risposte del modulo 1'!D78 | E76: ='Risposte del modulo 1'!E78 | F76: ='Risposte del modulo 1'!F78 | G76: ='Risposte del modulo 1'!G78 | H76: ='Risposte del modulo 1'!H78 | ... AD76: ='Risposte del modulo 1'!AD78
A77: ='Risposte del modulo 1'!A79 | B77: ='Risposte del modulo 1'!B79 | C77: ='Risposte del modulo 1'!C79 | D77: ='Risposte del modulo 1'!D79 | E77: ='Risposte del modulo 1'!E79 | F77: ='Risposte del modulo 1'!F79 | G77: ='Risposte del modulo 1'!G79 | H77: ='Risposte del modulo 1'!H79 | ... AD77: ='Risposte del modulo 1'!AD79
A78: ='Risposte del modulo 1'!A80 | B78: ='Risposte del modulo 1'!B80 | C78: ='Risposte del modulo 1'!C80 | D78: ='Risposte del modulo 1'!D80 | E78: ='Risposte del modulo 1'!E80 | F78: ='Risposte del modulo 1'!F80 | G78: ='Risposte del modulo 1'!G80 | H78: ='Risposte del modulo 1'!H80 | ... AD78: ='Risposte del modulo 1'!AD80
A79: ='Risposte del modulo 1'!A81 | B79: ='Risposte del modulo 1'!B81 | C79: ='Risposte del modulo 1'!C81 | D79: ='Risposte del modulo 1'!D81 | E79: ='Risposte del modulo 1'!E81 | F79: ='Risposte del modulo 1'!F81 | G79: ='Risposte del modulo 1'!G81 | H79: ='Risposte del modulo 1'!H81 | ... AD79: ='Risposte del modulo 1'!AD81
A80: ='Risposte del modulo 1'!A82 | B80: ='Risposte del modulo 1'!B82 | C80: ='Risposte del modulo 1'!C82 | D80: ='Risposte del modulo 1'!D82 | E80: ='Risposte del modulo 1'!E82 | F80: ='Risposte del modulo 1'!F82 | G80: ='Risposte del modulo 1'!G82 | H80: ='Risposte del modulo 1'!H82 | ... AD80: ='Risposte del modulo 1'!AD82
A81: ='Risposte del modulo 1'!A83 | B81: ='Risposte del modulo 1'!B83 | C81: ='Risposte del modulo 1'!C83 | D81: ='Risposte del modulo 1'!D83 | E81: ='Risposte del modulo 1'!E83 | F81: ='Risposte del modulo 1'!F83 | G81: ='Risposte del modulo 1'!G83 | H81: ='Risposte del modulo 1'!H83 | ... AD81: ='Risposte del modulo 1'!AD83
A82: ='Risposte del modulo 1'!A84 | B82: ='Risposte del modulo 1'!B84 | C82: ='Risposte del modulo 1'!C84 | D82: ='Risposte del modulo 1'!D84 | E82: ='Risposte del modulo 1'!E84 | F82: ='Risposte del modulo 1'!F84 | G82: ='Risposte del modulo 1'!G84 | H82: ='Risposte del modulo 1'!H84 | ... AD82: ='Risposte del modulo 1'!AD84
A83: ='Risposte del modulo 1'!A85 | B83: ='Risposte del modulo 1'!B85 | C83: ='Risposte del modulo 1'!C85 | D83: ='Risposte del modulo 1'!D85 | E83: ='Risposte del modulo 1'!E85 | F83: ='Risposte del modulo 1'!F85 | G83: ='Risposte del modulo 1'!G85 | H83: ='Risposte del modulo 1'!H85 | ... AD83: ='Risposte del modulo 1'!AD85
A84: ='Risposte del modulo 1'!A86 | B84: ='Risposte del modulo 1'!B86 | C84: ='Risposte del modulo 1'!C86 | D84: ='Risposte del modulo 1'!D86 | E84: ='Risposte del modulo 1'!E86 | F84: ='Risposte del modulo 1'!F86 | G84: ='Risposte del modulo 1'!G86 | H84: ='Risposte del modulo 1'!H86 | ... AD84: ='Risposte del modulo 1'!AD86
... A103: ='Risposte del modulo 1'!A105 | B103: ='Risposte del modulo 1'!B105 | C103: ='Risposte del modulo 1'!C105 | D103: ='Risposte del modulo 1'!D105 | E103: ='Risposte del modulo 1'!E105 | F103: ='Risposte del modulo 1'!F105 | G103: ='Risposte del modulo 1'!G105 | H103: ='Risposte del modulo 1'!H105 | ... AD103: ='Risposte del modulo 1'!AD105

Sheet Categorie2
A1: Informazioni cronologiche_Time | B1: Dati personali_1 | C1: Dati personali_2 | D1: Dati personali_3 | E1: 01-13R_LBLcredere_PERFconsoli_CATcd | F1: 01-13C_LBLcredere_PERFconsoli_CATcd | G1: 02-13R_LBLimpossibile_PERFtatangelo_CATcs | H1: 02-13C_LBLimpossibile_PERFtatangelo_CATcs | I1: 03-13R_LBLmagica_PERFgrignani_CATcs | J1: 03-13C_LBLmagica_PERFgrignani_CATcs | K1: 04-13R_LBLafrica_PERFdegregori_CATcd | L1: 04-13C_LBLafrica_PERFdegregori_CATcd | M1: 05-13R_LBLpoetica_PERFannalisa_CATcd | N1: 05-13C_LBLpoetica_PERFannalisa_CATcd | O1: 06-13R_LBLmagica_PERFbennato_CATcd | P1: 06-13C_LBLmagica_PERFbennato_CATcd | Q1: 07-13R_LBLcredere_PERFmina_CATcs | R1: 07-13C_LBLcredere_PERFmina_CATcs | S1: 08-13R_LBLimpossibile_PERFghemon_CATcd | T1: 08-13C_LBLimpossibile_PERFghemon_CATcd | U1: 09-13R_LBLafrica_PERFbattiato_CATcd | V1: 09-13C_LBLafrica_PERFbattiato_CATcd | W1: 10-13R_LBLpoetica_PERFcremonini_CATcs | X1: 10-13C_LBLpoetica_PERFcremonini_CATcs | Y1: 11-13R_LBLmagica_PERFarisa_CATcd | Z1: 11-13C_LBLmagica_PERFarisa_CATcd | AA1: 12-13R_LBLimpossibile_PERFconsoli_CATcd | AB1: 12-13C_LBLimpossibile_PERFconsoli_CATcd | AC1: 13-13R_LBLafrica_PERFdalessio_CATcs | AD1: 13-13C_LBLafrica_PERFdalessio_CATcs
A2: ='Risposte del modulo 1'!A2 -> 45883.503 | B2: ='Risposte del modulo 1'!B2 -> sì | C2: ='Risposte del modulo 1'!C2 -> < 25 | D2: ='Risposte del modulo 1'!D2 -> F | E2: ='Risposte del modulo 1'!E2 -> re | F2: ='Risposte del modulo 1'!F2 -> no | G2: ='Risposte del modulo 1'!G2 -> si | H2: ='Risposte del modulo 1'!H2 -> no | ... AD2: ='Risposte del modulo 1'!AD2 -> forse / un po' [maybe / a bit]
A3: ='Risposte del modulo 1'!A3 -> 45884.421 | B3: ='Risposte del modulo 1'!B3 -> sì | C3: ='Risposte del modulo 1'!C3 -> < 25 | D3: ='Risposte del modulo 1'!D3 -> F | E3: ='Risposte del modulo 1'!E3 -> de | F3: ='Risposte del modulo 1'!F3 -> no | G3: ='Risposte del modulo 1'!G3 -> bi | H3: ='Risposte del modulo 1'!H3 -> no | ... AD3: ='Risposte del modulo 1'!AD3 -> no
A4: ='Risposte del modulo 1'!A4 -> 45884.469 | B4: ='Risposte del modulo 1'!B4 -> sì | C4: ='Risposte del modulo 1'!C4 -> 25 - 50 | D4: ='Risposte del modulo 1'!D4 -> F | E4: ='Risposte del modulo 1'!E4 -> de | F4: ='Risposte del modulo 1'!F4 -> sì | G4: ='Risposte del modulo 1'!G4 -> si | H4: ='Risposte del modulo 1'!H4 -> sì | ... AD4: ='Risposte del modulo 1'!AD4 -> no
A5: ='Risposte del modulo 1'!A5 -> 45884.554 | B5: ='Risposte del modulo 1'!B5 -> sì | C5: ='Risposte del modulo 1'!C5 -> 25 - 50 | D5: ='Risposte del modulo 1'!D5 -> F | E5: ='Risposte del modulo 1'!E5 -> cre | F5: ='Risposte del modulo 1'!F5 -> no | G5: ='Risposte del modulo 1'!G5 -> si | H5: ='Risposte del modulo 1'!H5 -> no | ... AD5: ='Risposte del modulo 1'!AD5 -> sì
A6: ='Risposte del modulo 1'!A6 -> 45884.558 | B6: ='Risposte del modulo 1'!B6 -> sì | C6: ='Risposte del modulo 1'!C6 -> < 25 | D6: ='Risposte del modulo 1'!D6 -> M | E6: ='Risposte del modulo 1'!E6 -> cre | F6: ='Risposte del modulo 1'!F6 -> forse / un po' [maybe / a bit] | G6: ='Risposte del modulo 1'!G6 -> si | H6: ='Risposte del modulo 1'!H6 -> no | ... AD6: ='Risposte del modulo 1'!AD6 -> no
A7: ='Risposte del modulo 1'!A7 -> 45884.558 | B7: ='Risposte del modulo 1'!B7 -> sì | C7: ='Risposte del modulo 1'!C7 -> < 25 | D7: ='Risposte del modulo 1'!D7 -> F | E7: ='Risposte del modulo 1'!E7 -> cre | F7: ='Risposte del modulo 1'!F7 -> NON SO / NESSUNA RISPOSTA [I DO NOT KNOW / NO ANSWER] | G7: ='Risposte del modulo 1'!G7 -> si | H7: ='Risposte del modulo 1'!H7 -> forse / un po' [maybe / a bit] | ... AD7: ='Risposte del modulo 1'!AD7 -> no
A8: ='Risposte del modulo 1'!A8 -> 45884.566 | B8: ='Risposte del modulo 1'!B8 -> sì | C8: ='Risposte del modulo 1'!C8 -> < 25 | D8: ='Risposte del modulo 1'!D8 -> M | E8: ='Risposte del modulo 1'!E8 -> de | F8: ='Risposte del modulo 1'!F8 -> no | G8: ='Risposte del modulo 1'!G8 -> si | H8: ='Risposte del modulo 1'!H8 -> no | ... AD8: ='Risposte del modulo 1'!AD8 -> no
A9: ='Risposte del modulo 1'!A9 -> 45884.599 | B9: ='Risposte del modulo 1'!B9 -> sì | C9: ='Risposte del modulo 1'!C9 -> 25 - 50 | D9: ='Risposte del modulo 1'!D9 -> M | E9: ='Risposte del modulo 1'!E9 -> de | F9: ='Risposte del modulo 1'!F9 -> no | G9: ='Risposte del modulo 1'!G9 -> si | H9: ='Risposte del modulo 1'!H9 -> no | ... AD9: ='Risposte del modulo 1'!AD9 -> no
A10: ='Risposte del modulo 1'!A10 -> 45884.601 | B10: ='Risposte del modulo 1'!B10 -> sì | C10: ='Risposte del modulo 1'!C10 -> > 50 | D10: ='Risposte del modulo 1'!D10 -> F | E10: ='Risposte del modulo 1'!E10 -> re | F10: ='Risposte del modulo 1'!F10 -> forse / un po' [maybe / a bit] | G10: ='Risposte del modulo 1'!G10 -> si | H10: ='Risposte del modulo 1'!H10 -> no | ... AD10: ='Risposte del modulo 1'!AD10 -> no
A11: ='Risposte del modulo 1'!A11 -> 45884.611 | B11: ='Risposte del modulo 1'!B11 -> sì | C11: ='Risposte del modulo 1'!C11 -> < 25 | D11: ='Risposte del modulo 1'!D11 -> F | E11: ='Risposte del modulo 1'!E11 -> re | F11: ='Risposte del modulo 1'!F11 -> no | G11: ='Risposte del modulo 1'!G11 -> si | H11: ='Risposte del modulo 1'!H11 -> no | ... AD11: ='Risposte del modulo 1'!AD11 -> no
A12: ='Risposte del modulo 1'!A12 -> 45884.665 | B12: ='Risposte del modulo 1'!B12 -> sì | C12: ='Risposte del modulo 1'!C12 -> > 50 | D12: ='Risposte del modulo 1'!D12 -> F | E12: ='Risposte del modulo 1'!E12 -> de | F12: ='Risposte del modulo 1'!F12 -> no | G12: ='Risposte del modulo 1'!G12 -> NON SO / NESSUNA RISPOSTA [I DO NOT KNOW / NO ANSWER] | H12: ='Risposte del modulo 1'!H12 -> no | ... AD12: ='Risposte del modulo 1'!AD12 -> no
A13: ='Risposte del modulo 1'!A13 -> 45884.804 | B13: ='Risposte del modulo 1'!B13 -> sì | C13: ='Risposte del modulo 1'!C13 -> > 50 | D13: ='Risposte del modulo 1'!D13 -> M | E13: ='Risposte del modulo 1'!E13 -> de | F13: ='Risposte del modulo 1'!F13 -> sì | G13: ='Risposte del modulo 1'!G13 -> si | H13: ='Risposte del modulo 1'!H13 -> no | ... AD13: ='Risposte del modulo 1'!AD13 -> no
... A71: ='Risposte del modulo 1'!A71 -> 45895.987 | B71: ='Risposte del modulo 1'!B71 -> un po' [a little] | C71: ='Risposte del modulo 1'!C71 -> < 25 | D71: ='Risposte del modulo 1'!D71 -> F | E71: ='Risposte del modulo 1'!E71 -> de | F71: ='Risposte del modulo 1'!F71 -> no | G71: ='Risposte del modulo 1'!G71 -> si | H71: ='Risposte del modulo 1'!H71 -> no | ... AD71: ='Risposte del modulo 1'!AD71 -> no
A72: ='Risposte del modulo 1'!A75 | B72: ='Risposte del modulo 1'!B75 | C72: ='Risposte del modulo 1'!C75 | D72: ='Risposte del modulo 1'!D75 | E72: ='Risposte del modulo 1'!E75 | F72: ='Risposte del modulo 1'!F75 | G72: ='Risposte del modulo 1'!G75 | H72: ='Risposte del modulo 1'!H75 | ... AD72: ='Risposte del modulo 1'!AD75
A73: ='Risposte del modulo 1'!A76 | B73: ='Risposte del modulo 1'!B76 | C73: ='Risposte del modulo 1'!C76 | D73: ='Risposte del modulo 1'!D76 | E73: ='Risposte del modulo 1'!E76 | F73: ='Risposte del modulo 1'!F76 | G73: ='Risposte del modulo 1'!G76 | H73: ='Risposte del modulo 1'!H76 | ... AD73: ='Risposte del modulo 1'!AD76
A74: ='Risposte del modulo 1'!A77 | B74: ='Risposte del modulo 1'!B77 | C74: ='Risposte del modulo 1'!C77 | D74: ='Risposte del modulo 1'!D77 | E74: ='Risposte del modulo 1'!E77 | F74: ='Risposte del modulo 1'!F77 | G74: ='Risposte del modulo 1'!G77 | H74: ='Risposte del modulo 1'!H77 | ... AD74: ='Risposte del modulo 1'!AD77
A75: ='Risposte del modulo 1'!A78 | B75: ='Risposte del modulo 1'!B78 | C75: ='Risposte del modulo 1'!C78 | D75: ='Risposte del modulo 1'!D78 | E75: ='Risposte del modulo 1'!E78 | F75: ='Risposte del modulo 1'!F78 | G75: ='Risposte del modulo 1'!G78 | H75: ='Risposte del modulo 1'!H78 | ... AD75: ='Risposte del modulo 1'!AD78
A76: ='Risposte del modulo 1'!A79 | B76: ='Risposte del modulo 1'!B79 | C76: ='Risposte del modulo 1'!C79 | D76: ='Risposte del modulo 1'!D79 | E76: ='Risposte del modulo 1'!E79 | F76: ='Risposte del modulo 1'!F79 | G76: ='Risposte del modulo 1'!G79 | H76: ='Risposte del modulo 1'!H79 | ... AD76: ='Risposte del modulo 1'!AD79
A77: ='Risposte del modulo 1'!A80 | B77: ='Risposte del modulo 1'!B80 | C77: ='Risposte del modulo 1'!C80 | D77: ='Risposte del modulo 1'!D80 | E77: ='Risposte del modulo 1'!E80 | F77: ='Risposte del modulo 1'!F80 | G77: ='Risposte del modulo 1'!G80 | H77: ='Risposte del modulo 1'!H80 | ... AD77: ='Risposte del modulo 1'!AD80
A78: ='Risposte del modulo 1'!A81 | B78: ='Risposte del modulo 1'!B81 | C78: ='Risposte del modulo 1'!C81 | D78: ='Risposte del modulo 1'!D81 | E78: ='Risposte del modulo 1'!E81 | F78: ='Risposte del modulo 1'!F81 | G78: ='Risposte del modulo 1'!G81 | H78: ='Risposte del modulo 1'!H81 | ... AD78: ='Risposte del modulo 1'!AD81
A79: ='Risposte del modulo 1'!A82 | B79: ='Risposte del modulo 1'!B82 | C79: ='Risposte del modulo 1'!C82 | D79: ='Risposte del modulo 1'!D82 | E79: ='Risposte del modulo 1'!E82 | F79: ='Risposte del modulo 1'!F82 | G79: ='Risposte del modulo 1'!G82 | H79: ='Risposte del modulo 1'!H82 | ... AD79: ='Risposte del modulo 1'!AD82
A80: ='Risposte del modulo 1'!A83 | B80: ='Risposte del modulo 1'!B83 | C80: ='Risposte del modulo 1'!C83 | D80: ='Risposte del modulo 1'!D83 | E80: ='Risposte del modulo 1'!E83 | F80: ='Risposte del modulo 1'!F83 | G80: ='Risposte del modulo 1'!G83 | H80: ='Risposte del modulo 1'!H83 | ... AD80: ='Risposte del modulo 1'!AD83
A81: ='Risposte del modulo 1'!A84 | B81: ='Risposte del modulo 1'!B84 | C81: ='Risposte del modulo 1'!C84 | D81: ='Risposte del modulo 1'!D84 | E81: ='Risposte del modulo 1'!E84 | F81: ='Risposte del modulo 1'!F84 | G81: ='Risposte del modulo 1'!G84 | H81: ='Risposte del modulo 1'!H84 | ... AD81: ='Risposte del modulo 1'!AD84
A82: ='Risposte del modulo 1'!A85 | B82: ='Risposte del modulo 1'!B85 | C82: ='Risposte del modulo 1'!C85 | D82: ='Risposte del modulo 1'!D85 | E82: ='Risposte del modulo 1'!E85 | F82: ='Risposte del modulo 1'!F85 | G82: ='Risposte del modulo 1'!G85 | H82: ='Risposte del modulo 1'!H85 | ... AD82: ='Risposte del modulo 1'!AD85
A83: ='Risposte del modulo 1'!A86 | B83: ='Risposte del modulo 1'!B86 | C83: ='Risposte del modulo 1'!C86 | D83: ='Risposte del modulo 1'!D86 | E83: ='Risposte del modulo 1'!E86 | F83: ='Risposte del modulo 1'!F86 | G83: ='Risposte del modulo 1'!G86 | H83: ='Risposte del modulo 1'!H86 | ... AD83: ='Risposte del modulo 1'!AD86
... A102: ='Risposte del modulo 1'!A105 | B102: ='Risposte del modulo 1'!B105 | C102: ='Risposte del modulo 1'!C105 | D102: ='Risposte del modulo 1'!D105 | E102: ='Risposte del modulo 1'!E105 | F102: ='Risposte del modulo 1'!F105 | G102: ='Risposte del modulo 1'!G105 | H102: ='Risposte del modulo 1'!H105 | ... AD102: ='Risposte del modulo 1'!AD105
